,id,date,upvotes,comment_text,sentiment_score
0,m37ru4k,2024-12-22,5,"Sheâ€™s unreal alright. I didnâ€™t think I could love anything this much

https://preview.redd.it/wlsyqzb8oa8e1.jpeg?width=3024&format=pjpg&auto=webp&s=f7d7a467d400d5cd359799eba73c2dff5ffa6362",0.35
1,k28hiwy,2023-09-26,2,Hi GeorgeK,0.0
2,k286yn3,2023-09-26,9,Reddit aged me it's now a white santa beard,-0.05
3,k286vpx,2023-09-26,3,A FRIENDLY FACE HI,0.375
4,k2869ef,2023-09-26,26,It would be too noisy to go ham on this account. I could find a trusted surrogate user to feed content through and not bother making an alt (i'm jk... unless?),0.0
5,k285g3g,2023-09-26,7,"Haven't used reddit in a while. Waiting to see what they do with their gold / karma programs, and it looks like SOMETHING is finally happening.",0.0
6,k284twm,2023-09-26,17,Maybe. Maybe I never left (i did).,0.0
7,jo1yr26,2023-06-14,23,Good to see a familiar face dude! Yeah been afk havenâ€™t used reddit much lately except for r/darktide ðŸ‘¾,0.2895833333333333
8,izherti,2022-12-09,19,I'm happy to see this comment!,1.0
9,izhepzc,2022-12-09,42,I've always been here but just not posting / moderating like a machine anymore lol,0.8
10,ify39te,2022-07-13,9,"I bought two today. At like $10 - $40 a pop. Wanted to support the artists, but also tinker with that new feature. Used one as my pfp on here but can see a lot of pushback against that update site wide lol",0.2787878787878788
11,ifxzwil,2022-07-13,7,"I'm good Alex! Thanks for asking. Hope you're enjoying your summer sir. I'm merely poppin in to say hello, haven't posted here in months.",0.26875
12,ifxuz47,2022-07-13,20,Oh wow thank you! I missed it entirely. Big fan of what they did with this initiative. Those videos of people's timelapse creations blow me the f away,0.0625
13,ifxutde,2022-07-13,8,"Nice snoo avatar sir! Thank you, I've been okay just trying to find a semblance of normal life after the covid shakedown. Hope you've been well!",0.4791666666666667
14,ifxuhc7,2022-07-13,20,"Oh shit no I missed it! Thanks, about to go do some digging.  


edit: OMFG lmaoooo",-0.024999999999999994
15,ifxsqom,2022-07-13,25,Thank you Yuki! Holy shit just checked and it's been about 6 months of reddit inactivity on my end. Did I miss anything important? (I know I'll regret asking this),0.1
16,ifxskrv,2022-07-13,8,Hope you've got some chill summer plans! Melting atm in front of my pc,0.0
17,hpz6v8g,2021-12-26,18,Youâ€™re right I will try harder next year,0.0619047619047619
18,hpz6t4v,2021-12-26,18,Yup definitely do not recommend it,0.0
19,hphq1vr,2021-12-22,7,The user you replied to straight up deleted their profile after making this comment wtf lol,0.16666666666666666
20,hl2ggm4,2021-11-18,8,Don't think  i ever got argentium'd or ternion'd and honestly it's better that way,0.5
21,hl2gd10,2021-11-18,42,">I deleted my previous account when it got too popular

Honestly that's a smart move. I'm taking notes.",0.31190476190476185
22,hl2g9qi,2021-11-18,12,"I assume it is, never paid a dime towards reddit coins or reddit in general.",0.05000000000000002
23,hl2g79w,2021-11-18,20,"step 1: shitpost  
step 2: get gold  
step 3: cry",0.0
24,hl2g4sw,2021-11-18,20,TIL there was a coin glitch and you got scammed?! Did it get resolved?,0.0
25,hl2g259,2021-11-18,62,"Overall all platforms should be 100% free if they are feeding you ads and making ad revenue from advertizers. Since you're already ""paying"" by scrolling through their ads. But here we are.",0.2
26,hl2fvfp,2021-11-18,30,"How do you gift someone premium? I... am not sure how to do it wtf  


Just give gold / plat trophies? Or is there a better way to do it?",-0.08333333333333333
27,hjbwc8g,2021-11-04,12,Definitely collect all complaints and hold off until i can action it via SNOOTOKEN$,0.05
28,hjbtyjq,2021-11-04,27,I'd just donate some tokens to anyone complaining until i had nothing to donate lmao,0.6
29,hjbnh9d,2021-11-04,7,Wlek yalla yalla yallaaaaa,0.0
30,hjbnfa8,2021-11-04,113,I HAVE A WHOLE ASS DOLLAR LETS GOOOOOO,0.2
31,hjbk1fz,2021-11-04,1,"I have no idea what to expect. If there is room for actual financial incentive or cashing in, I will find a way to give as much as possible (if not all) back to the reddit community. But I doubt it will be the case, let's see.

Let me know what you think.",0.0
32,hfs57gr,2021-10-07,9,I am truly grateful to have met you my bro o/,0.0
33,hfs4z91,2021-10-07,9,"Oh yeah itâ€™s only a matter of time until someone gets there. Cannot possibly go up against NSFW posters, this user has literally 100+ posts a day lmao i hope itâ€™s automated for their sake.",0.19999999999999998
34,hfs4u8e,2021-10-07,4,Thank you so much J! Hope youâ€™ve been well too :),0.375
35,hfrrykw,2021-10-07,3,"I hear you and can admit having thought about it too haha, twitch or reddit livestream. But talking about moderation and aggregation would be a very small niche for non reddit-centric audiences. But you're right, definitely more i can do with this platform. Will keep thinking about it :)",0.23214285714285712
36,hfro97v,2021-10-07,12,"Appreciate that! But i'm just another redditor who went a bit too hard on the aggregating content aspect of this platform lol. Lately i've just been gaming in my free time VS redditing, same dopamine fix i guess damn",0.12166666666666667
37,hfrnr0g,2021-10-07,3,I haven't considered it but seeing that Twitch leak sure is making me reconsider career choices...,0.5
38,hfrhkxb,2021-10-07,7,"lmao good Q this is the wifi antenna of my desktop pc, took me a good week before i figured out what it was for",0.6666666666666666
39,hfrhh8z,2021-10-07,7,How did i never see this before... thanks it's such a simple fix wtf,-0.075
40,hfrhc50,2021-10-07,43,"On reddit? I don't think the platform monetized anything yet on the personal user level. Unless I missed it? One thing that is coming soon: been working on a mental health initiative (non-profit fully funded out of our own pockets) that i'll share on here soon with you all. Other than that I don't really think too much about it, have about ~40k followers here and I doubt most of them even know they follow me.",0.18214285714285713
41,hfrgd22,2021-10-07,29,HAPPY CAKE DAY!,1.0
42,hfrffq4,2021-10-07,72,"The bots will be the end of us, but we also can't get anything done without them at this scale. If there's something else i can do just let me know!",0.0
43,hfrf7g4,2021-10-07,9,"The setup is amateur only because it's my first attempt. One monitor is linked to the work laptop, the other is linked to the gaming desktop. I keep having to move mouses and keyboards around every day. Not sure what to optimize at this point, but i know there's a lot of room to improve it. All ears if you have any suggestions of course.",-0.075
44,hfrb46n,2021-10-07,1,"I need cable management help, yes my setup is not optimal, yes i am ready to get shit for it. Iâ€™m taking notes ðŸ“",0.0
45,hfjh318,2021-10-05,1,"[Here's a link to the artist's IG, thanks for reminding us to sticky it.](https://www.instagram.com/p/CUkuUcwofEt/)  


Edit: this is now a community award",0.2
46,hexj9nw,2021-10-01,45,"Not on reddit lately iâ€™ve been on the pc gaming since i recently was able to finally get one, also life. Hope yâ€™all been well â¤ï¸",0.05
47,h7zxlv0,2021-08-06,23,THE SWEET RELEASE,0.35
48,h7z5c7e,2021-08-06,27,fights over the type of cake? lmao tell us more,0.55
49,h3lefnx,2021-06-30,1497,Oh no! They are just sleeping! I should have clarified it in the title... Also i'm not in the photo this is one of their rescue crew.,0.0
50,h21357v,2021-06-16,43,Pet hugs also count my bro!,0.0
51,h1ghp2w,2021-06-11,4,Howdy and have a good weekend!,0.875
52,h1ghm83,2021-06-11,6,Can confirm. This turtle is basically Leo in the Titanic (F in chat).,0.0
53,gv3ulj1,2021-04-19,31,"v.reddit is like a blind youtube, you upload a video and you have 0 access to any analytics behind the performance. It's not like it's limited or something (like just views etc), LITERALLY ABSOLUTELY NOTHING. 

not sure why reddit doesn't give us more insights into that data tbh",-0.08690476190476189
54,gv3ifgw,2021-04-19,58,"Iâ€™ve had chats deactivated ever since it was rolled out, it just was broken then and i guess it still is broken now. Fixing or optimizing current tools > adding new ones",-0.16590909090909092
55,gv3gsmp,2021-04-19,1,"From a mod perspective, more tools = more â€˜workâ€™ = nope

But overall sounds like an interesting addition if itâ€™s not chaotically rolled out

Link: https://twitter.com/reddit/status/1384175462088249346?s=21",0.33999999999999997
56,guplvz2,2021-04-16,1,"Missed you all, hope life is treating you well ðŸ‘‹

edit: did not expect the kind comments and now i have a case of the feels",0.6
57,gpkme0o,2021-03-03,54,"Life has been playing pingpong with me lately, also reddit became a bit too loud for a while there, also i've been gaming a bit too much (played like 15 games in the last 2 months fml) 

Hope you're doing well too man! And thanks for the kind comment :)",0.18571428571428572
58,gpkm7fa,2021-03-03,18,"onlyfans for reddit creepy-browsing, yup this is a viable business",0.0
59,gpkhh2s,2021-03-03,1,"I'm keeping it on ""hiding"" forever though, no one's business if i'm browsing reddit at 5am.",0.0
60,go1zujy,2021-02-19,1,Here's the article if you want to check it out: https://www.latimes.com/business/technology/story/2021-02-19/can-democracy-work-on-the-internet-reddit-tells-a-mixed-story,0.0
61,gmiy626,2021-02-08,1,ðŸ¤,0.0
62,glwwj62,2021-02-03,20,Okay you win I give up. Does that make you my dad? Wtf happens now,0.26666666666666666
63,gkqn5iz,2021-01-25,30,Fuck,-0.4
64,gkq8d3z,2021-01-25,1,[Twitter post with context is even better](https://twitter.com/rainyday_vg/status/1352983307680538631?s=20),0.0
65,giw7zuh,2021-01-11,11,Blessed be thy danks,0.0
66,ghre3zy,2021-01-01,1,Thanks for sharing it again with us OP and happy new year to everyone on r/nextfuckinglevel,0.37878787878787873
67,gfjzraa,2020-12-12,1,Tagging the awesome artist! Thanks again bro u/Raulstermaster,0.6
68,g7p1evi,2020-10-04,14,"I don't have footage of it but I too can confirm that birds are not real, may have been tripping on acid when i witnessed it but still able to be a critical thinker and think for myself when it comes to these things",0.13333333333333333
69,g7p0glj,2020-10-04,29,SaltyHuman is slappin' more truth,0.5
70,g7c09f7,2020-10-01,1,You can also post next fucking level JackOLanterns btw sorry forgot to include it in the title!,-0.4083333333333334
71,g7ayr0t,2020-10-01,1,LMFAO I LOST SOME 50 FOLLOWERS AFTER THIS POST,0.0
72,g77sefn,2020-09-30,35,"Iâ€™m coming Kardashians!

Not like that...",0.0
73,g6v1q3e,2020-09-27,11,The mother,0.0
74,g6v1p3d,2020-09-27,5,Not as much as youâ€™d think but still too much,0.2
75,g6v17n6,2020-09-27,15,*walks into the sun*,0.0
76,g6jbxkq,2020-09-25,1,This has been the best event with the best results and youâ€™re all the BEST COMMUNITY ON REDDIT donâ€™t let anyone tell you otherwise ðŸ¤,1.0
77,g6fjl5i,2020-09-24,7,"this is actually great advice. 

*becomes a curling champion*",0.8
78,g6fbnsc,2020-09-24,9,I AM PROUD OF YOU TOO YOU THE SMARTEST FRIDGE I KNOW â¤ï¸,0.8
79,g6f7mx7,2020-09-24,14,"Mr Aqeel,

You dank memes keep me going. Thank you for your service and for all the laughs.

Regards,

Someone who spends too much time online",0.2
80,g6f7iay,2020-09-24,5,":,(",0.0
81,g69fc8v,2020-09-22,7,à² _à² ,0.0
82,g68t6zh,2020-09-22,33,I have had my gilding privileges bugged for about two months now while the admins investigate how to fix it so not sure that's it. Maybe a trophy of getting 100 awards on 1 post?,-0.25
83,g68t3t4,2020-09-22,66,FINALLY made it to 100 this took a while. Freakin bastards get what they deserve.,0.0
84,g64g5yc,2020-09-21,1,"Woweee OP! You got a lot of reddit trophies for this post! Take a mod award while we're at it. If only they were donating to you directly instead as an artist, since all this does is give you reddit premium and pay for reddit servers. Reddit trophies don't support artists or pays bills, not saying it's not nice to get gilded but yeah. 

----

**If you ever see content that is posted without credit on r/nextfuckinglevel and you have the creator's information, please reach out to us on modmail and we will verify it and sticky it on the post for all to see! We accept all social platforms and websites (without direct purchase links) except for Facebook due to Reddit disallowing it for anti-doxx purposes.**",-0.009523809523809518
85,g63bo73,2020-09-21,147,Are you... talking about the mask on the right? Please be talking about the mask on the right.,0.2857142857142857
86,g602b1j,2020-09-20,25,"Gonna take daily walks in the garden now that i know there are baby shelled friends and just try to flip any back, in case they got unlucky. But also please do that if you manage to thank you.",0.0
87,g5zxemi,2020-09-20,1,This is art right in the feels https://twitter.com/false_cant_draw/status/1307716897807491079?s=21,0.2857142857142857
88,g5zexig,2020-09-20,23,smol tortle,0.0
89,g5pwgx0,2020-09-18,3,"NO YOU SHOULD BE SORRY 

(thanks for the useless trophies and the spam lmao)",-0.05000000000000002
90,g5pv0v8,2020-09-18,1,Yeah this makes you either turn the whole notifications off or just turn the DMs off which is not great. It's literally spam.,-0.1
91,g5pjsfd,2020-09-18,2,it's literally spam i have 100+ inbox msgs in the past 24hours lmao,0.175
92,g5pip95,2020-09-18,9,"get S P A M M E D 

ðŸ†ðŸ†ðŸ†ðŸ†ðŸ†ðŸ†ðŸ†",0.0
93,g5pi9hy,2020-09-18,39,"**SOMEONE GIVE THIS MAN/WOMAN/DOG a coin award!!!**

I would spam your ass but as i said above 

> i have some 6k but can't even give trophies atm since it's been bugged for 2 months and admins are ""investigating"" but no one coming up with a solution [confusion intensifies]",0.0
94,g5pi60b,2020-09-18,10,yes heck your expectations your reply just made MY day how do you like them apples,0.0
95,g5phvm5,2020-09-18,1,"i have some 6k but can't even give trophies atm since it's been bugged for 2 months and admins are ""investigating"" but no one coming up with a solution [confusion intensifies]",0.0
96,g5pfjzy,2020-09-18,3,making HarryTheWeiner brb,0.0
97,g5pfdso,2020-09-18,2,no they just see a post on r/all and spam it with cheap trophies but they don't know they are contributing to my downfall into madness in doing so,0.4
98,g5pf9le,2020-09-18,6,"oh no at this point i'm a shell of whatever i used to be thanks to reddit but i have ""chat"" turned off because hell no, but normal DMs are still active (for now)",0.07222222222222222
99,g5pf6b3,2020-09-18,17,swear to all that is light don't you even dare AND WHY IS THERE AN AWARD FOR 10 COINS WTF,-0.04999999999999999
100,g5pf39d,2020-09-18,1,"WHOEVER GAVE THIS POST AN AWARD I WILL FIND YOU SERIOUSLY THIS IS NOT FUNNY

----

If you think i'm joking, ever since i made this post two r/all posts got gilded 100+ times with cheap awards and my inbox is yet again flooded. This is **literally what spam is**.",-0.01944444444444443
101,g5pf0y8,2020-09-18,9,lmao no i think some poor soul got clipped and they replied so it popped in my inbox,0.09999999999999998
102,g5pdkyd,2020-09-18,6,"lmao they are fucking useless and spam my inbox, don't want them didn't ask for them i just want a clean inbox. other alternative is to turn my inbox OFF which means no more DMs either, not a great idea.

also nice username",0.041666666666666664
103,g5pcmf7,2020-09-18,15,"Every single shitpost i make that hits r/all gets SPAMMED they aren't even that good of posts my inbox is always blasted with shitty trophies that have ZERO value what so ever. 

I get that this might come off as a firstworldproblem complaint but for real this shit is so annoying lmao",-0.05892857142857143
104,g5hla6u,2020-09-16,6,asking for a friend?,0.0
105,g5h9bgu,2020-09-16,23,uuum the equivalent of you trying and breaking your back?,0.0
106,g5h59te,2020-09-16,16,"oof take my upvote

But to answer the other comment i have women friends who have and have witnessed enough posts online with screenshots suggesting literally that. Also have male friends who said this.",-0.041666666666666664
107,g58t09l,2020-09-14,9,It's Greek Frappe! Cold coffee and the only way one should have coffee (jk but i'm ready to get canceled),-0.09999999999999999
108,g58s5ga,2020-09-14,19,"O.M.F.G 

Didn't plan on a flood of feels on Monday... I love you and I hope your week is starting off well <3",0.5
109,g58rtm3,2020-09-14,4,"They are in Greece, i'm just visiting.",0.0
110,g58rrc9,2020-09-14,8,I am fucking stuffed like a piggy,-0.6
111,g58rpkf,2020-09-14,11,I'm 34 but i'm thinking fuck it might as well just move back,-0.2
112,g4y02fd,2020-09-12,8,"I feel you and what you're doing is great, just make sure it's not harming you mentally too. I would not rely on mods to take actions in the case of involuntary porn and / or CP. Sure, flag it to the mods via the report feature and maybe sending it to their mod mails, but you should 100% report these via the admin ticket I linked above. Under either ""It's involuntary pornography"" or ""It's sexual or suggestive content involving minors"". They tend to review these fast as they should.

And there is no real framework to identifying what constitutes either, but better safe than sorry. So report first ask questions later.",0.23214285714285715
113,g4xzt1v,2020-09-12,68,"About 7-8 active ones, just the ones I genuinely enjoy consuming as a user too, and some 15 username subs and other inactive shitpost spaces and some mod backlog subs. I used to mod some 100+ subs and it was simply insane.",-0.07638888888888888
114,g4xx3gk,2020-09-12,15,"The thing that sucks is that 99% of mods have 0 training and just get vetted by other mods who also have 0 training. So you can imagine how it can get clusterfucky at times. 

Almost any ""involuntary porn"" I have reported (to the admins, not the mods) in the past got removed! Like shitty gifs of girls slipping and getting exposed, filmed by third parties. Are you reporting them through the right ticket here https://www.reddit.com/report?",-0.09196428571428572
115,g4xwwfk,2020-09-12,11,"I first wrote cat pictures, then changed it to dog pictures, and now i regret everything.",0.25
116,g4xiztq,2020-09-12,41,"How dare you agree with me wtf i will DESTROY YOU 

Oh wait nvm yes more dogs pls",-0.06666666666666665
117,g4xiy50,2020-09-12,23,omfg i clicked and was like â€œjesus take the wheelâ€,0.0
118,g4936mh,2020-09-06,23,Why are you kicking me while iâ€™m down ffs,-0.15555555555555559
119,g48u1lv,2020-09-06,9,This is how I go out in flames. Gonna train for it brb,0.0
120,g3zqbqu,2020-09-04,5,Yup their memes now belong to the state. We're repossessing all your shit.,-0.2
121,g3zohl5,2020-09-04,4,"You have the right to remain silent, everything you say can and will be used in the court of memes-law.",0.14285714285714285
122,g3zmtz1,2020-09-04,7,"THIS WAS A TRAP WE GOT YOU NOW 

cuff them up let's go",0.0
123,g3zma98,2020-09-04,1,"The culprits are u/walid717 and u/SaltyHuman111 i am keeping tabs and will take my revenge soon just you wait

----

[**Join our circus on discord here**](https://discord.gg/c7aWTgy)",0.0
124,g3qpqox,2020-09-02,5,Good call thanks deleted! It was impossible to find with backward image search engines since the one you linked to is cropped and the one i posted is not. Appreciate it,0.09444444444444444
125,g3ps3yu,2020-09-02,235,No wonder jannies get dunked on,0.0
126,g3ppsq6,2020-09-02,1,"Terminator saw the pipe and commented here 30 days ago: https://www.reddit.com/r/Damnthatsinteresting/comments/i0sk2r/i_carved_this_pipe_specially_for_arnolds_birthday/fzzvl5s/

OP this shit is cool thanks for posting on our sub

----

Edit: someone gave me silver with ""good bot"" as a message... I will find you

----

Edit2: [OP posted it on a few subs](https://i.imgur.com/0MAXQL8.png) but his post here destroyed all those other lesser subs so hard lmao they need to *get on our level*",0.02833333333333331
127,g3nrsy9,2020-09-02,5,WHO ARE THEY AND HOW DO I GET THEM BANNED /s,0.0
128,g3nefoe,2020-09-01,3,Yes,0.0
129,g3nbr11,2020-09-01,22,"Reddit stops adding your total post and comment karma after a threshold of 5-7k karma. 

So if you get 100k upvotes on a post, you only get 5-7k karma on your account.

Meaning I should have technically been at maybe 100-400m karma now, but I didnâ€™t do the math (someone should).

Itâ€™s truly bullshit if you ask me and we should RISE UP!",0.0
130,g3n9lcn,2020-09-01,7,DAMN YOU TAKE MY ANGRY UPVOTE,-0.5
131,g3n2k9f,2020-09-01,13,"**tears down my face intensify**

[**ARE YA WINNING GB?**](https://i.imgur.com/cqEvUfA.png)

(credit to u/Tio2025 you mfking legend)",0.17222222222222222
132,g3n2gd8,2020-09-01,46,"No fuck that if anyone (users or mods) shows me that a post i shared has already been posted on that same sub i'd delete it and apologize. There's enough trending content everyday to keep finding new stuff. It's not rocket science. 

*People* also say i remove things as a mod and then repost them myself lmao but never once had a proof of that or a link of it happening, they just use it to justify hating on me but this is reddit so it's not surprising. 

The key to getting 36m karma is to make a really bad call on what hobby you want to pick up and find content and post it to reddit like a psychopath for 5 years straight daily. Which is why not everyone has 36m karma. Because people have lives to live.

tl;dr - don't believe everything you read on wild reddit comments people be mad for the wrong reasons",-0.050142045454545446
133,g3hh5t0,2020-08-31,21,"It do be fam

also your username, it do be unsettling",-0.5
134,g3hh19w,2020-08-31,72,because they are trying to distract us from what really matters: lizard people running the government,0.2
135,g3hgyt0,2020-08-31,14,damn it you both win the pp-award of the day,0.8
136,g38zo98,2020-08-29,112,"One last note:

We are looking for positive individuals who would fit our mod team, weâ€™re a chill but dedicated bunch of redditors trying to keep one of redditâ€™s fastest growing subs fun and interesting. 

This is a volunteer position but youâ€™ll be meeting real humans and hopefully making friends, apply with this in mind!",0.2681818181818182
137,g37afsk,2020-08-29,4,TIL this sub exists thank you for showing me the light,0.4
138,g36efa6,2020-08-28,7,I am so fucking sorry for your story and for laughing too hard reading it :(,-0.513888888888889
139,g35ty57,2020-08-28,13,I feel for her haha it's exactly the same for me. I have to put the glass/bottle against the sun or a source of light and try to scan it for bugs.,0.21250000000000002
140,g34xfj6,2020-08-28,2,THE COOLEST,0.0
141,g31rn53,2020-08-27,3,So i was patient zero after all. Fuck it this world has lived long enough.,-0.15
142,g31rfqn,2020-08-27,7,I mean yes I do want a cookie but for unrelated reasons,-0.3125
143,g31lpyp,2020-08-27,2,I would choose 9999 monkeys over the human race any day.,0.0
144,g31lo2c,2020-08-27,8,"Not a great one i think it was mostly for pollen and car fumes (for cycling). That was way before the covid days, there wasn't much on the market in terms of anti-viral masks.",0.09999999999999999
145,g311vd3,2020-08-27,15,I'm going to go beg him for it now brb,0.0
146,g2q5z7m,2020-08-24,8,"Yeah haha it was a jok- 

**SPIT THEM OUT! SPIT THEM THE FUCK OUT YOU MONSTER!**",-0.125
147,g2q1wfl,2020-08-24,5,"? 

I also poop eat and sleep sometimes just like you.",0.0
148,g2pic34,2020-08-24,9,People are crazy online and if you have any form of exposure people will get crazier in trying to fabricate things. Also there's a threshold to humor and satire VS toxic shit. But i'm with you. One of the worst dangers of moderating on reddit is being exposed to such horrific things because crazies are gonna crazy.,-0.5666666666666667
149,g2pfit8,2020-08-24,27,"LMAO i edited my comment to say ""stealing"" to avoid controversy and now you look like a total psycho. Sorry ryder. You're gonna get famous now! YAY!",0.2203125
150,g2pfa4e,2020-08-24,46,"Some people will say by stealing babies, others will say by spending too long on reddit and having no life.",-0.05
151,g2pe6f5,2020-08-24,5,Let's see if it works. Dun Dun DUNN,0.0
152,g2pdsbp,2020-08-24,1,"Thank you for the feels and the art u/RaulsterMaster. We not worthy, well maybe SrGrafo is, but it is really appreciated it <3

edit: GO FOLLOW u/RaulsterMaster ðŸ”¥",0.3444444444444445
153,g2pa8pl,2020-08-24,91,"the nerd in me has peaked this is the biggest honor, need to print it on a shirt and just wear it around everywhere and have no one understand who the fuck these 3 people are because let's face it",-0.4
154,g2m3y1o,2020-08-23,3,This one seems spot on: https://leitesculinaria.com/11838/recipes-greek-style-frappe.html,0.0
155,g2m2qmv,2020-08-23,7,That is FETA haha,0.2
156,g2lu40z,2020-08-23,5,Greek cafe FrappÃ© (mother of all cold coffee),-0.3
157,g2loe8i,2020-08-23,10,I will trade you this greek breakfast for your parents brunch please,0.0
158,g2loci7,2020-08-23,11,Omfg they are still alive but thank you kindly,0.35
159,g2lo9dv,2020-08-23,8,Thank you DD. Just catching up with the family after 8 months of covid horrors. I hope life is good on your end!,0.7375
160,g2lo7d9,2020-08-23,11,It tasted so good but anytime i try to recreate it it tastes like shit,0.24999999999999997
161,g2lo3f0,2020-08-23,20,Iâ€™ve been living like a vagabond for the past 8 months hopping from one place to the other because of covid. Taking this as a temporary blessing for now ðŸ¤¤,-0.1875
162,g2lnz5w,2020-08-23,45,They do and they used to tell me to get off my phone a lot. They were right tbh,0.2857142857142857
163,g2cdx9o,2020-08-21,6,â¤ï¸â¤ï¸,0.0
164,g2cdw0j,2020-08-21,10,This thread is silly wholesome,-0.5
165,g2cdtkd,2020-08-21,5,"I tend to avoid dropping on random threads or commenting from this account (donâ€™t have alts though, too much effort) because it does indeed spiral into discussions about me VS the post at hand.",-0.15
166,g2c2etj,2020-08-21,21,I had people at work refer to me by calling me â€œboobâ€ with a serious face. It was worth it. I also asked them to stop.,-0.016666666666666663
167,g2bzs1i,2020-08-21,7,YOU HEARD IT HERE FIRST FOLKS,0.25
168,g2bynuv,2020-08-21,27,I added â€œboobâ€ because I saw everyoneâ€™s witty hilarious usernames on reddit and I tried. I really tried. And failed.,0.175
169,g2byjmj,2020-08-21,6,Just ask for people to remember the human on this hellscape of a platform. Thanks Mr Smart Fridge20,0.13809523809523808
170,g28vvz0,2020-08-20,4,"Just fixed it! Thanks for bringing it to my attention had deleted it by mistake, updated the links and here is another one: https://discord.gg/c7aWTgy",0.1625
171,g28euxy,2020-08-20,10,Just dropping in to say this mfker can meme and if you don't follow them you are missing out.,-0.2
172,g27zvxr,2020-08-20,3,Someone downvoted you so I just made 50000 alts to upvote you brb /s,0.0
173,g269jdo,2020-08-20,7,"Seriously I mostly like his sty-

Wait a fucking minute",-0.04999999999999999
174,g25e0yl,2020-08-19,2,It's all coming together soon but I personally want you guys to pick / vote charities because if it comes just from us it's a bit underwhelming imo.,0.0
175,g24tb0r,2020-08-19,6,Will announce something soon that isn't really linked to this but will loop in some merch and might add some of this shitpost energy in there too. The effort will be 100% for charity and any sales similarly so.,0.1
176,g24prhv,2020-08-19,2,no u,0.0
177,g24pr1o,2020-08-19,4,Hi Walid,0.0
178,g24pq5j,2020-08-19,7,What's that sound?!,0.5
179,g24msn3,2020-08-19,1,"Thank you u/Tio2025 your art speaks to me on all levels <3 

----

[**You can come join our discord here**](https://discord.gg/c7aWTgy), just a bunch of gamers, anime nerds, and redditors hanging out.",1.0
180,g1wxs6x,2020-08-17,2,Subscribed! First time I see that sub thank you,0.25
181,g1wdbz4,2020-08-17,10,"Oh that is super confusing, I've had a bug with being able to award people. Messaged the admins, haven't heard any updates yet. Have not been able to award trophies for the past month. Really sucks, but that might be a linked bug! Thanks for mentioning it i'll try and look into it",0.08690476190476189
182,g1wd620,2020-08-17,1,You are one of the good ones <3,0.85
183,g1w3sg6,2020-08-17,13,I am not sure what that is? Can you show me a screenshot? I think reddit is introducing some new karma system that I am frankly not up to speed on.,-0.05681818181818182
184,g1w3l4g,2020-08-17,6,Gild both above comments and thank a stranger for gold.,0.0
185,g1rpuni,2020-08-16,54,"Credit goes to a group on fb called ""Crap wildlife photography""",-0.8
186,g1ojhah,2020-08-16,1,Oh itâ€™s me (the stingray /s),0.0
187,g1hr7pf,2020-08-14,1,"[**You can come join our GB discord here**](https://discord.gg/c7aWTgy), just a bunch of gamers, anime nerds, and redditors hanging out. 

----

If you need the url: https://discord.gg/c7aWTgy",0.0
188,g1hr29o,2020-08-14,7,We will get him above -1 he has my word. We'll call it **operation karmawhoring Lostvayne12's dad.**,0.0
189,g1hpgae,2020-08-14,9,I just shaved in the second photo tbh,0.0
190,g1hpfaj,2020-08-14,7,first peep to reply,0.25
191,g1hpczk,2020-08-14,13,Hi to your dad u/Lostvayne12 tell him to get on reddit we'll give him a good welcome party,0.75
192,g1dalch,2020-08-13,2,I got spammed so hard by some random discords I had to clean up a bit just to see. I'll make sure to join back soon!,0.01499999999999999
193,g1daip6,2020-08-13,3,"LMAO what the hell is that bot 

Also if you can't do discord it's all good, will welcome you when you join eventually!",0.7666666666666666
194,g1crf1x,2020-08-13,6,Is this THE Ulti? omfg hi,0.0
195,g1cpd68,2020-08-13,3,"I didn't even do any of this, all the discord admins put it together i owe them happy meals for life tbh",0.8
196,g1cp9sn,2020-08-13,11,:(((((((((((((((((((,-0.75
197,g1cp8co,2020-08-13,9,wtf your username is great and AWW YISS,0.20000000000000004
198,g1cp70n,2020-08-13,5,I am laughing so fucking hard how did that happen (edited my sticky),-0.2916666666666667
199,g1cnyja,2020-08-13,1,"Stickied it but here you go https://discord.gg/yPAYZmm

(custom url incoming soon if this goes well)",0.0
200,g1cnwzc,2020-08-13,1,"[**JOIN HERE THIS IS AN ORDER**](https://discord.gg/bd6brTB)

----

If you need the url: https://discord.gg/bd6brTB

----

Edit: u/siouxsie_siouxv2 literally single handedly sorted everything and she was offline when I took the screenshot lmao SUZ YOU IS THE REALEST <3",0.5095238095238095
201,g10l6bk,2020-08-10,13,I'm just another pleb online my dude <3,1.0
202,g10l25i,2020-08-10,4,I was going to ask do they sound like that? And then I googled it and... [yep they do lmao](https://youtu.be/dsd7ZfdZcNU),0.4
203,g10jkin,2020-08-10,16,Hello person who I suspect is a platypus online trying to dupe us humans,0.0
204,g10iqiq,2020-08-10,6,Nice username lol,0.7
205,g10ibgl,2020-08-10,1,"Whenever I trend on twitter I get a few ""are you the gallowboob from reddit?"", replying can go two ways either I meet decent folk and have a good convo and often follow each other, or I get met with harassment. It sucks man. This platform (reddit) is great but it served so much disinformation and organised slander campaigns in the past against me to the point where some redditors are simply deluded of reason when it comes to engaging with me like a human being. 

What sucks is that from all the ""Netflix"" debacles to the ""mod abuse"" noise, while I could have handled these situations better in retrospect (we live and learn) I was never directly out to hurt people and never once got paid for posting content to reddit. I only did it because I enjoyed being here and it was a good weird hobby and time killer. 

I learned a lot by being here. I was able to re-align my life professionally thanks to reddit. And I will always owe it all to you, kind and humble redditors who are one of the most critical and engaged audiences online today. You taught me everything I know today. 

Thank you, from the bottom of my heart.",0.16069347319347319
206,g0v54cg,2020-08-09,27,"> I saw it comment ""nice"" on a post of an EDM artist suffering from depression

This is where it stops being trolling or a laughing matter and becomes actually threatening. For someone in a bad place to be getting this type of toxic reply, it can be **actually dangerous** as it might push them over the edge. This is not a laughing matter and it hits too close to home.

I've had another bot also participating on suicide watch subreddits telling people to harm themselves then signing it with my name. It sucks, not as much for me, but for whoever is on the receiving end of those comments.",-0.1333333333333333
207,g0v3w4q,2020-08-09,5,"I can imagine and I'm sorry to hear it... people need to remember there's a human behind these accounts. Working with some extremely talented people to bring a mental health effort to reddit very soon. This place needs it bad. 

I hope you're having a good one and staying safe and sane out there. And thank you for being fucking human <3",0.1272727272727273
208,g0v3fbv,2020-08-09,19,good bot,0.7
209,g0v3edp,2020-08-09,1,"This is not the first time either. This individual has been targeting other users with the same smear attempts of creating toxic bots and claiming X or Y made them, when they didn't. 

I get that their motive is nefarious and that their goal is for me to get harassed, but please remember that if **I ever make something I'll post about it on my profile first.**

Anything else that isn't here or verified by me, is not by me, it's just someone trying to lie for whatever reasons and motivations. Please don't get fooled and thanks for bringing it to my attention :)

----

edit: it appears that the user and their community are now suspended most likely for impersonation",0.175
210,g0u867x,2020-08-08,22,Like this? https://twitter.com/ok_girlfriend/status/1292187677060739077?s=21,0.0
211,g0sp07f,2020-08-08,24,"Already passed it around. CNN possibly on it and Storyful is distributing the video to news agency as we speak.

Passed it to Gino too: https://www.instagram.com/p/CDoiQDgHYDG/?igshid=xt0p19kpdnmq

Posted to Twitter and tagged the embassy in comments: https://twitter.com/thegallowboob/status/1292103206437367808?s=21",0.0
212,g0qkba2,2020-08-07,1,No offense to butter sandwiches.,0.0
213,g0pvuyq,2020-08-07,21,I hope you're having a bit of a better day today. I want to say things will get better soon but... yeah...,0.5
214,g0pvf2b,2020-08-07,38,lmao 3 minutes from posting but yeah my twitter clout is deplorable. need to stay here.,0.0
215,g0h65pb,2020-08-05,1,"- 300,000 homeless after the blast. [Article](https://nypost.com/2020/08/05/beirut-explosion-leaves-up-to-300000-homeless-city-governor/?utm_medium=SocialFlow&utm_campaign=SocialFlow&sr_share=facebook&utm_source=NYPFacebook)

- 2750 metric tons of explosive material just lying around. [Article](https://www.cnn.com/2020/08/05/middleeast/ammonium-nitrate-beirut-blast-intl/index.html)",0.0
216,g0h0ma3,2020-08-05,60,"I hear you and as I replied to other comments on here I want to clarify that regardless of wether this was an attack or an incident, the people in charge of the country (that is already at its knees economically due to their lack of efficiency as a government and first hand corruption and theft) are to blame for this incident. The fact this was stored for **over five years** in the heart of the city with officials knowing the damage it can cause is beyond insanity but here we are today. Hoping things can somehow start to improve, but that has been our lives for as long as we can remember. Hoping.",-0.0125
217,g0h0anh,2020-08-05,15,"I am nowhere near as affected as everyone still living there, but my heart is with them all.",0.1
218,g0gzzdl,2020-08-05,15,"The government knew and was responsible for this, you don't store ""confiscated"" explosives or explosive material in the heart of the city. Either way, without wanting to play the guessing blame game right now, the country has been bleeding for years due to a corrupt government and nothing has yet changed. This is only adding oil to the existing fires. My thoughts are with the families currently affected.",-0.07704081632653062
219,g0cz82j,2020-08-04,1,"Video was sent to me by friends on Whatsap. 

Here's another one showing the destruction inside a friend's house, damage by the blast wave: https://streamable.com/7bqzat

BBC about the incident (not yet clear what happened): https://www.bbc.co.uk/news/world-middle-east-53656220

As a fellow Lebanese, just catching up with family and friends on the scene, I hope your loved ones are safe and I hope people can somehow quickly recover from this disaster. The blast wave left windows shattered around a 10 km radius, some cars and most houses are currently almost entirely windowless around that area.

----

Edit: 

>  A massive explosion rocked Beirut on Tuesday, flattening much of the port, damaging buildings across the capital and sending a giant mushroom cloud into the sky. The health minister said more than 25 people were killed and over 2,500 injured.

Article link: https://apnews.com/d6503f7d779f2790218fe29121368788",0.23095238095238096
220,g04ran6,2020-08-02,36,itâ€™s easier to match and harder to stain,-0.1
221,fzwm9d9,2020-07-31,86,YTA,0.0
222,fzw7qzy,2020-07-31,1,"I'm sure you have better takes, post your own memes here and let's SEE WHAT YOU GOT!

[Template image](https://pbs.twimg.com/media/EeRhbPEX0AA9_1C?format=jpg&name=large)",0.5833333333333334
223,fzsv8ri,2020-07-30,5,"You are appreciated by so many on here, whether they know who you are or not (and most of them do, let's be honest) trust me I know it's hard to ignore harassment and nefarious targeted systemic cyber bullying (that's what it is) but you really really REALLY do bring so much positivity to this platform and to all your audience and followers on here. Not going to say ""ignore it"" because I know it's not as simple, what I will say is you are loved and appreciated <3",0.3462121212121212
224,fzofl7a,2020-07-30,4,"Same here :)

Check out this avocado frog too https://twitter.com/llamainatux/status/979481483680169984",0.25
225,fzo3f5p,2020-07-29,1,I need an army of those frogs. Anyone knows where I can find more of them?,0.5
226,fzg46wu,2020-07-27,1,"That ""twitter"" account bamboozled us all... damn it",0.0
227,fz7xfgv,2020-07-25,13,WHERE? ON IT,0.0
228,fz7vg84,2020-07-25,5,"Same here! Sekiro was not what i was looking for to scratch that itch. This is honestly one of the most geeking out iâ€™ve had in a while. If youâ€™re a samurai / old japan nerd, this is going to hit the spot hard.",0.1816666666666667
229,fz7taiu,2020-07-25,15,Yup ghost of tsushima aka Slicey McSamuraiboy,0.0
230,fxkpoip,2020-07-10,23,Okay I'm doing this from now on. This is my lifestyle now.,0.5
231,fxkne6o,2020-07-10,8,r e k t,0.0
232,fxknc5h,2020-07-10,6,I'm not sorry <3,0.625
233,fxknbiw,2020-07-10,11,Agreed this is madness. Using the pizza box as a plate to save the environment over here (just lazy),-0.25
234,fxcadli,2020-07-08,33,LMAO oh man i am done for,0.6
235,fxc5kw0,2020-07-08,1,"For context: https://www.reddit.com/r/SubredditDrama/comments/hnfqo3/jeffrey_epstein_superfan_ghislaine_maxwells/

ðŸ¿ðŸ¿ðŸ¿",0.0
236,fx5d2lq,2020-07-06,1,"OP thank you for both your initial post and this update one! **I wanted to give it the ""Mod Favorite Award""** on behalf of our r/nextfuckinglevel mod team but it seems like i'm experiencing an error when trying to give your post the award. 

[**Here's a screenshot of the error**](https://i.imgur.com/eZcZ8Iu.png). 

Anyone else experiencing this similar error when trying to give awards? If you do please message our mod mail with ""Award Error"" as a subject for us to further investigate this issue or just upvote this comment to get a better idea.

Thank you!",0.17314814814814813
237,fx45xlc,2020-07-06,2,Lmao premonitions right there!,0.47857142857142854
238,fx0jd90,2020-07-05,7,Readit? Is it like MySpace?,0.0
239,fx0hwzq,2020-07-05,11,Itâ€™s only a matter of time until it happens. Oh itâ€™s bad alright.,-0.3499999999999999
240,fx0htsa,2020-07-05,8,"I accept this honorable job and vow to shitpost until i stop breathing, or lose wifi connection.",0.0
241,fwts1ib,2020-07-03,1,FOURTH OF FIREWOOOOOORKS,0.0
242,fwtqiq1,2020-07-03,4,Hope you're having a good one my dude Noah,0.7
243,fwtqhfj,2020-07-03,17,you're welcome and you can blame u/siouxsie_siouxv2 for the title,0.8
244,fwmu620,2020-07-01,2,100% it was you <3,1.0
245,fwmq2fg,2020-07-01,5,**PSA: WE ARE NOT THE SAME PERSON HE IS A STINKY TURTLE AND I'M A SAGGY TIT**,0.0
246,fwmm4z4,2020-07-01,7,"Your username made me spit out my cold tea. But yeah i 100% absolutely agree with you, our minds make up a supposed imagined setting and reality is often its own clusterfuck.",0.06666666666666667
247,fwm9jw6,2020-07-01,1,"[**Here's a link to the podcast chat.**](https://www.youtube.com/watch?v=cZGWHzUuPbc&feature=youtu.be)

seriously though I need names asap",-0.3333333333333333
248,fwaw8zq,2020-06-28,52,You are correct. The shell looks like a comfy throne it threw me.,0.0
249,fvrgdql,2020-06-23,11,Probably much more peaceful and my faith in humanity would not be as shook. But yeah without reddit my life would have most likely been much different gotta admit.,0.25
250,fvreqe5,2020-06-23,30,15 years of aggregated community driven content and salty pleb tears,0.0
251,fvrekt8,2020-06-23,14,It's cute. But nope it's been used on official reddit blogs which is where I had it saved from.,0.5
252,fvreilg,2020-06-23,5,Thank you and you have have a great day too chloemug,0.8
253,fvhfuep,2020-06-20,1,"We usually remove weight loss posts on here and suggest users share them on more relevant subreddits like r/Fitness and others. But we're torn, because weight loss posts usually get a crazy amount of upvotes on r/nextfuckinglevel, so the community is favoring them from what we can see as mods. 

Do us a favor and let us know what you think, to either enforce this rule harder down the line or possibly lose the rule and be more lenient in allowing weight loss posts on here:

- **Downvote** this comment if you **DON'T WANT** weight loss posts.

- **Upvote** this comment if you **DO WANT** weight loss posts.

Edit: 260 upvotes in 1h",0.05444444444444445
254,fvd4821,2020-06-19,6,^^nice,0.6
255,fvd2mlq,2020-06-19,6,*Nice*,0.6
256,fvd2kzw,2020-06-19,22,u/GallowFoot,0.0
257,fvd25bm,2020-06-19,1,"THE COMMENT: https://www.reddit.com/r/pics/comments/haucpf/ive_found_a_few_funny_memories_during_lockdown/fv505w1/

[u/TheMalleableDuck](https://www.youtube.com/watch?v=dQw4w9WgXcQ&feature=youtu.be) you are now internet famous congrats, don't forget your humble beginnings when you become too big for us reddit plebs.

----

Edit: lmao everyone getting rick rolled in the comments this is gold",0.22499999999999998
258,fvd1m46,2020-06-19,1,**Link to the newsletter:** https://www.getrevue.co/profile/everythinginmoderation/issues/how-to-move-on-from-reddit-s-moderator-revolt-256202,0.0
259,fv6kmfw,2020-06-18,1,"Great post OP thanks for sharing! 

Here's a [link to the post in question](https://www.youtube.com/watch?v=ub82Xb1C8os&feature=youtu.be) that u/ReallyRickAstley just posted on reddit today.

----

[Okay here you go.](https://www.reddit.com/r/pics/comments/haucpf/ive_found_a_few_funny_memories_during_lockdown/)",0.5166666666666667
260,fupp0wq,2020-06-13,1,"Hereâ€™s the original post: https://www.reddit.com/r/nextfuckinglevel/comments/h7kehm/im_the_marine_who_stood_at_attention_for_3_hours

**A friend did the math, this post has had 397,585 coins spent, for a total of around $2000. TWO THOUSAND FREAKIN DOLLARS! Thanks u/Emmx2039 (you fkin nerd <3)**",0.29500000000000004
261,fumd0f3,2020-06-12,1,"Thank you for what you did OP and everything you are continuously doing for all the right reasons.

Please keep comments civil and thank you for helping us mods do our volunteer â€˜jobâ€™ by reporting rule breaking comments. 

If you need statistics to treat a group of people like equal human beings then you are part of the problem.",0.09523809523809523
262,ft05ygn,2020-06-05,1,u/Spez just addressed it: https://www.reddit.com/r/announcements/comments/gxas21/upcoming_changes_to_our_content_policy_our_board/,0.0
263,fszy9eh,2020-06-05,17,"There isn't much that we can do but we're looking into a movement of solidarity with a growing list of subs currently about to reach out to u/spez for a discussion, through an open letter. I am not leading this effort, but some of my most active subs are joining them in support.

If you have any ideas as to what we can do as mods, or what I can do as an individual on here please do let me know.",0.09444444444444444
264,fszxxrl,2020-06-05,44,"I just stepped back from 100+ subs I used to moderate, for multiple reasons but mainly because as it stands reddit is broken and needs patching up. From how moderation can be abused to how fringe behavior on this platform goes unchecked. Even made a statement in the press: https://www.protocol.com/reddit-powermods-war

Right now I moderate some 10-15 subs, the rest are username subs or inactive subs. Only focusing on the communities I truly care about. Which should be the norm for any moderator on here tbh.",0.006547619047619042
265,fsbbt4l,2020-05-30,1165,"Basic Human empathy should **not** be r/nextfuckinglevel but alas this is the world we live in right now. 

Giving the community a chance to self moderate on certain posts:

- **Downvote this comment** if you want us to take this post down. 

- **Upvote this comment** if you want us to keep this post up.

----

Edit: 600 upvotes in 1 hour the post stays.",0.01010101010101009
266,fsb9kkp,2020-05-30,1,"There are a lot of new accounts commenting on this post that were made in the last 24-48 hours, with racist attacks. Please help us by reporting any uncivil comments and donâ€™t feed the trolls. 

Tensions are at an all time high in the US and we understand people can be under a lot right now but please remember this subâ€™s rules before commenting and try to be civil.

As always, giving the community a chance to self moderate on r/nextfuckinglevel for the sake of knowing what you all want or donâ€™t want on here:

- **Downvote this comment** if you want us to take this post down. 

- **Upvote this comment** if you want us to keep this post up.

----

Edit: 100 upvotes in 50 minutes the post stays.",-0.04383013811585241
267,fs86s7n,2020-05-29,525,"Anyone reporting this for no apparent reason please avoid doing so as it's not only disruptive to our moderation effort but also actionable by the administration. Stay safe out there and have a wonderful weekend! 

Great post OP! Thanks for sharing it with us.",0.44583333333333336
268,fs7ndgj,2020-05-29,7,"Becoming a global species is in theory the only way forward, if no great filters stop us in our tracks beforehand. Be it manmade or natural great filters. Greed and political / religious bias are pretty much the only thing standing in front of science and true human empathy.",0.1346153846153846
269,fs7gavp,2020-05-29,27,We aren't. But we should be.,0.0
270,fs0b2rc,2020-05-27,5,"Thank you for everything you do on here and in your life, for science and for our online collective <3",1.0
271,fs03oad,2020-05-27,6,"Yeah other models have ghost moderation, or at least anonymous mods who are also employees. Facebook groups have public mods, though the meta drama on there is even worse than on reddit.",-0.20625
272,fs024v5,2020-05-27,16,"Fair question and of course mod abuse is real, a lot of past subs also were grown inorganically and the top mods tried to sell the subs or sell spots for marketers on said subs. It often ended bad for the shill and the administration dealt with it, replacing the entire mod team at times. No idea what went on behind the scenes but it seemed to be the case on multiple occasions (one having been r/natureisfuckinglit). 

Mods are volunteers. They are not contractually bound to reddit. Meaning they can do whatever they want until either their comods step in or the administration steps in. That's why any large sub with 1-2 mods only is suspicious and those individuals cannot possibly cope with the amount of mod work generated by their sub (50 or 100k+ is usually a large enough subreddit that requires a team of 5+ moderators at least).

Reddit also has a solution for that which is reporting wrongful moderator behavior here: https://www.reddit.com/r/ModSupport/comments/9h7w7u/reddithelpcom_now_has_a_moderator_complaint_form/

So in a way it's a moderation of the moderators. I am not sure how effective it is but what you can do is document your experience through that resource.",0.059398496240601506
273,frzxd9v,2020-05-27,11,"I have always tried to be transparent with my presence on reddit because i owe it to the audience or anyone who is curious. Sadly no matter how many times iâ€™ve addressed the same questions publicly, privately, in articles or podcasts or video interviews, there will always be a micro minority of conspiracy peddling few who have 0 regards to civil discourse online, or facts for that matter, that have actively tried to smear my name and presence on this platform. This article and many more incoming pieces (another big interview coming soon, some podcasts lined up soon) allows me to once again be transparent and objective about the whole situation. For myself and anyone wondering.",0.12638888888888888
274,frzwxdf,2020-05-27,9,Damn it i should register that username asap! Thank you kindly Senpai Mook <3,0.8
275,frzwv2k,2020-05-27,22,I recall you being human to me when everyone else thought i was a bot. Youâ€™re one of the best humans iâ€™ve had the chance to meet in this lifetime. Thank you for all that you do on here Saydie â¤ï¸,0.5
276,frzwo2d,2020-05-27,8,"Hey dude! Thank you for the kind words and your energy right now and always. I am not going to toot my own horn and iâ€™ve learned a lot being on here for the past 5 years, iâ€™ve also made mistakes i learned from. I just am on here for positivity and humor above all else, anyone who logs online for meta drama and harassment needs to take a few steps back and rethink their approach to online entertainement. 

The name came from an old WoW account i had called Gallow (night elf druid) and adding the Boob part because we can all relate to boobs. 

Hope your day is going well!",0.1400793650793651
277,frznfzp,2020-05-27,5,Hi dad I'm laughing my ass off,0.0
278,frzlk85,2020-05-27,8,"You sir are a king. And a kind soul. I've been on here for 5 years thinking I was doing the right thing but I was wrong, the right thing is everything that's to come. Keep an eye out <3",0.33428571428571424
279,frzl7g6,2020-05-27,37,"I agree that mods can abuse their position, I've left subs for less in the past. I know that the administration does review and take actions against such cases however, for the most part it seems. Certain users and dangerous conspiracy theory hate subs on here do mislead the masses however and make reddit a dangerous place to be on, wether you're a random user, a creator, a moderator or an employee / admin. 

There's a middle ground that has yet to be met. We can't do anything but try to speak about all this in a civilized way and hope the administration will do the right thing going forward.

----

Edit: Also strongly believe that limiting the amount of subs / users individual mods can moderate is a step in the right direction. As it stands some moderators have a 200,000,000+ user count when it comes down to their total moderation, across 100 or 200+ subreddits they try to moderate. It is overwhelming and not a healthy way to spend your time online, but it also seem to anger the reddit audiences so maybe a change is due. Again this would be up to the administration to roll out and not moderators.",-0.06367394179894181
280,frzkyzy,2020-05-27,10,"At the end of the day what I see on one side are mobs of users confused and mislead at who to be angry with, focus firing all their anger at moderators for changes we cannot even begin and bring forward since we are just volunteers on the platform, not employees. And on the other side I see volunteer mods who care about their communities dragged and witchunted for enforcing site wide ToS and their subreddit rules, both publicly available for all to see. 

On both sides there can be bad faith actors and being a user or being a mod can be disruptive in its own specific ways. It is up to the administration to ensure its users as well as its volunteer moderators are feeling safe and heard on the platform. Both of these things are not currently met, users feel abused and not heard and mods feel unsafe and not protected. 

I don't have solutions, but I can clearly see the problems. If the users want change, petition the administration VS harassing individual mods. If the mods want change, limit your moderation to spaces you think are safe (non political subs for one, incredibly volatile and dangerous right now) and always put your mental health first. I see a lot of my own comods developing unhealthy patterns of anxiety and paranoia dealing with volatile subs and the polarized audience that comes with it. 

Personally this reflection allowed me to revisit what I want to do online and going forward i've got big plans to exclusively direct my reddit presence and you awesome followers on here towards mental health awareness and support. 

I want to create a support space for anyone on reddit who needs a positive boost or a friendly ear(s) to listen. I'm going to be funding this entirely out of my own pocket, with giveaways and weekly donations to individuals and non profits of our choice (will be polling to do what you guys think is right). 

Stay safe and sane out there.",0.10878533231474408
281,frs0wxp,2020-05-25,2789,"Some people are reporting this for various reasons. Itâ€™s a good post but letâ€™s see what the community wants:

If you want me to remove this post **downvote this comment**

If you want me to keep this post **upvote this comment**

â€”â€”

Edit: 45 upvotes in 2 minutes. Iâ€™ll give it 10 min but itâ€™s looking like the post stays for now.

Edit2: 1200 upvotes in 1 hour. Cool beans.",0.3125
282,frov9j9,2020-05-24,11,I can only offer you another human ear to talk to that will listen. It made my day a bit better too.,0.16666666666666666
283,fror0xd,2020-05-24,9,My messages are open if you ever want another human to talk to.,0.0
284,froqlom,2020-05-24,3,Gotta keep it going! Hope youâ€™re good king ðŸ‘‘,0.7
285,froqja3,2020-05-24,12,We are all trying to get by my good friend but this is the energy we could all use more of. So hereâ€™s a NO U!,0.6625
286,fropd5w,2020-05-24,1,"Hi good people of r/nextfuckinglevel. Some of you are reporting this post as spam, but it isnâ€™t clear why, please try and avoid doing that as it is disruptive to our moderation efforts, but feel free to reach out and let us know in mod mail if itâ€™s urgent. 

Letâ€™s play it organically:

- If you want me to remove this post **downvote this comment**

- If you want me to keep this post **upvote this comment**

Have a great Sunday.

Edit: 30 upvotes in 10 mins post stays âœ”ï¸",0.44000000000000006
287,frooyco,2020-05-24,10,"Wanted to make a bot to automatically sticky sources of posts from a select approved sources (fb, twitter, yt, etc) would need users to ping the bot with the source and a human / mod to approve it on the backend. 

No idea how to do that but it was to automate sourcing on r/nextfuckinglevel. If you have ideas happy to test but do NOT bother with this nerd project either.",0.3333333333333333
288,froodnw,2020-05-24,32,Spending Sunday doing little things for the mind and the heart. Howâ€™s your day going dio? Seeing your username pop up is always a pleasure.,-0.1875
289,frhb5tr,2020-05-22,314,"No idea why some of you are reporting this post as spam please do avoid doing that as abusing the report function is against reddit site wide guidelines.

Let's see what the community wants:

If you want me to remove this post **downvote this comment**

If you want me to keep this post **upvote this comment**

----

edit: 50 upvotes in 10 minutes the post stays thanks good people of r/nextfuckinglevel",0.25
290,frd432h,2020-05-21,203,"**Use a Descriptive Title**

Please make an effort for titles as per our sidebar rules. Write a clear title for your content that describes the post well. If your title is ill-defined your post may be removed. Stay sane and safe out there.

----

If you want me to remove this post downvote this comment.

If you want me to keep this post up upvote this comment.",0.3
291,fradmg8,2020-05-20,1,"**Use a Descriptive Title**

Write a clear title for your content that describes the post well. If your title is ill-defined your post may be removed. Approving this post and leaving this sticky for visibility. Thanks! Stay sane and safe out there.",0.2833333333333334
292,fq7t8y9,2020-05-10,5,"Thanks haha it's just what comes with being visible online, a bunch of idiots telling me to end it because i guess they have a hard life that sucks idk. Appreciate you even replying to them.",-0.19833333333333333
293,fq7f8pj,2020-05-10,6,"I definitely went into your profile to make sure i wasn't mistaken but 100% remember the username because i'm a nerd who reads everyone's username on my posts here. Hope that weekend was good to you, my goal was to have some offline time and that failed miserably.",-0.06000000000000001
294,fq6lz9e,2020-05-10,7915,"That's the point he's trying to make along a few others.

----

**Edit: The guy in the video ran 2 miles from his home because Ahmaud was killed a few miles from his home too. He also added a TV as an extra. That's the point of this video.**

----

Edit2: nice now iâ€™m getting *death threats/wishes* for not taking part in their racist trash narrative: https://i.imgur.com/47Sqr0A.jpg (will spare you the other few PMs it's too vile to share)

----

Edit3: Too many accounts and comments on this thread are astroturfed and the comment above me just got gilded 6 trophies in **under a minute**. Clearly some people are trying hard to sway the narrative but i'm glad that 99.99% of people in this thread are not fooled.",0.040277777777777767
295,fq1koan,2020-05-09,22,Here https://waifu.lofiu.com/index.html,0.0
296,fpwp24x,2020-05-08,585,"Saw it on twitter today here's the source: https://twitter.com/Jaws19show/status/1258402689513402375

also *himself not myself (title typo)",0.0
297,fpttmqu,2020-05-08,1,"Kendrick Castillo is a hero. 

[This student died trying to stop the Colorado school shooter.](https://amp.cnn.com/cnn/2019/05/08/us/kendrick-castillo-denver-stem-shooting/index.html)",0.0
298,fptdsc4,2020-05-07,8,I guess now Iâ€™ll have to,0.0
299,fpt7np7,2020-05-07,10,Followed because how can i say no,0.0
300,fpsz77h,2020-05-07,5,You are not alone. The key is to move your head a lot to help disperse the heat. Side effects may be looking like a crazy person.,-0.3
301,fpsyyax,2020-05-07,2,Trust me I hear you loud and clear. I just want to see my family and gf again it's been 4 months almost...,0.1
302,fpsuc5y,2020-05-07,4,I am the biggest pleb of them all there are no gods here. But it's going better than yesterday so there's that. How's your day PewPewWiz?,0.5
303,fpssxcj,2020-05-07,18,>!THE SECRET TO THE AFTERLIFE IS NOT HAVING NEGATIVE KARMA!<,-0.35
304,fpsrkux,2020-05-07,5,Dememer pls say sike,0.0
305,fphhlmh,2020-05-04,6,What's up my dude! Almost some 3000 left. I think premium gives you 700 coins a month too.,0.0
306,fphhhq4,2020-05-04,9,"Hi nandeen! I only blurred your name for the sake of your privacy but glad you saw it :) 

(sorry i couldn't help it i've got trophies slippery fingers)",0.125
307,fphg3bl,2020-05-04,229,"Everytime we have to remove a great submission due to a non fitting title (it's a good title, it's just not descriptive enough), somewhere in the world a puppy feels pain for the first time. Approved it because it's cool af and taking the opportunity to remind you of our title rule: 

> **Use Descriptive Title**

> Write a clear title for your content that describes the post well. If your title is ill-defined your post may be removed. Also using NFL/next level in your title will be considered as low effort which will result in your post being removed. For example posting CGI content without the mention of it being CGI will result in a removal.",0.28611111111111115
308,fph80uq,2020-05-04,9,Here fixed it for you <3,0.55
309,fph4p2f,2020-05-04,11,"It really does. As insignificant as it can be in the grand scheme of things, a kind reply / message / trophy goes a long way.",0.31249999999999994
310,fph3kbx,2020-05-04,20,"If you count karma i guess i'm on top and it definitely was an unnecessary but cool small feat to achieve, but in truth there are some incredibly talented and influential people on here that deserve that title if there was one. People like u/shittymorph u/srgrafo u/Shitty_Watercolour, all of which i can proudly call friends.",0.24285714285714285
311,fph3aqo,2020-05-04,11,"It was the most random comment but they were being wholesome in ""returning the trophy"" and it just made me nostalgic and happy. Good to be reminded there are humans on this platform too.",0.2
312,fpd5zjp,2020-05-03,1,This was posted 3 days ago so removing it shortly. You can find the artistâ€™s source on our sticky on the initial upload: https://www.reddit.com/r/nextfuckinglevel/comments/g9w30m/cyclist_quek_shio_chuan_creating_a_stop_motion/,0.0
313,fp7kfvr,2020-05-01,16,"Sure thing dude I'd be more than happy to assist with the article and share it on my networks / socials accordingly, and of course on here to you guys. Let's pick it up from the message and go from there. Happy to assist anyway i can for this or anything else if i can make both your lives a little easier, i won't hesitate.",0.48250000000000004
314,fp7jcr8,2020-05-01,6,LOL I'll take my F,0.8
315,fp7j0ja,2020-05-01,11,Oh I absolutely agree with you lmao I checked his account and noticed we had talked before (and that he's a fellow Lebanese). Nothing is stopping him or anyone else from using my pictures without consent for nefarious reasons so i'm gonna assume he's legit.,0.4
316,fp7gvxx,2020-05-01,7,Lmao i understood that reference,0.6
317,fp7g9xo,2020-05-01,29,"My fellow Lebanese! I hope you're safe wherever you are right now, things are bad back home. 

I have no idea what the article angle is but sure go for it. Let me message you some graphics and the original images for the above if you need it. Feel free to ask for anything else and i'll provide.",0.17008928571428572
318,fp7g3g4,2020-05-01,1,Original post for reference: https://www.reddit.com/user/GallowBoob/comments/ewtzue/i_went_shopping_for_a_new_car_but_fell_in_love/,0.375
319,fp7fg6a,2020-05-01,9,Up my butt.,0.0
320,fp7fd8e,2020-05-01,16,Your comment was downvoted so here's an upvote and a cheap trophy for your troubles <3,0.7
321,fp7bzt9,2020-05-01,18,"If reddit one day makes karma somehow tradable or link up some crypto with karma then yes i'll make some $ off of this. But if that ever happens i'll most likely look into syphoning most of that $ into donations or make some reddit daily raffles and donate it back to redditors. 

Because fuck it why not.",0.09999999999999999
322,fp7b05j,2020-05-01,55,"It circulated and the popcorn was real.

""He has so much karma and even bought TWO lambos with his shill money he is the reason this platform is dying"" - meanwhile reddit has 100 quadzillion unique visitors a day and while i am humbled by my hypothetical effect on these people's vision of reddit i can't help but laugh.",0.26875
323,fp7aa6g,2020-05-01,69,I understood this drug reference,0.0
324,fp787fa,2020-05-01,141,Anyone buying TWO LAMBOS on a whim deserves to be called a poopyhead. Regardless of how much money you have or don't have.,0.2
325,fp3bmhq,2020-04-30,7,"I just tend to follow some groups and pages that publish or share content, mostly new content granted trending content circulates a lot and everywhere in the current internet cycles (and can check reposts on www.karmadecay.com if need be). Also have some trending twitter trackers, comes in handy for play and work.",0.24545454545454545
326,fp39b4n,2020-04-30,2,Doing alright trying to stay healthy body and mind during this pandemic clusterfuck. How are you holding up?,0.5
327,fp38twf,2020-04-30,3,"Oh man some of the beard balms out there smell heavenly. I definitely will look into the one you suggested! Thanks!

If there's one thing I learned being online as much and working in media is that no matter who you are and what you do you'll have your own set of crazies following you around and twisting your every words and actions to fit their insane world views or personal bias. Meta conspiracy theory on reddit is its own clusterfuck but this is not exclusive to me, just like everyone else with any remote visibility online you will catch a case of the crazies. 

The AMA will be an opportunity to thoroughly reply to any and all questions within the realm of a civil discussion and a hard nope on low hanging toxic conspiracy meta reddit turbonerdism. 

You don't manage crazies, you ignore them and act according to platform rules. Something they are often too dumb to understand and apply but then cry censorship when they shoot themselves in the foot. It's comedic for the most part, minus the death threats over karma lmao. 

Do you and fuck the noise is a good motto to have <3

tl;dr - calling me racist / homophobic variations is not feedback worthy of any normal person's time (see this perfect comic by u/srgrafo for reference: https://www.reddit.com/user/GallowBoob/comments/fxe11p/this_speak_to_my_soul/)",0.18768115942028984
328,fp375ex,2020-04-30,2,Anything and everything from reddit to life to the beard as well if needed lmao (i do try to maintain it but who has time for that?),0.6
329,fp33ppl,2020-04-30,2,lmao <3,0.8
330,fp33lui,2020-04-30,2,"mindblown.jpeg 

5+ years on reddit and all the karma in the world and i still have no idea",0.0
331,fp32se1,2020-04-30,3,"Nice! I was watching some gameplay on Youtube about it not that long ago. Looked very interesting. I think it was on an indie games channel.

> depending on whether you ask me at the beginning of the session, or 5 hours later. 

Your description of co-op phases made me laugh out loud dude this is too real. You guys are not alone, that's all I will say (she reads my comments)",0.24375000000000002
332,fp32a9z,2020-04-30,14,"It's good and bad, get a lot of attention from crazies and weirdos on reddit but also met a fuck ton of amazing people on reddit too by just spending time here. Think this karma leaderboard is up to date: https://www.karmalb.com/",0.050000000000000044
333,fp3234n,2020-04-30,2,"It's a format of Q & A on reddit just like: https://www.reddit.com/r/IAmA/

Means ""Ask Me Anything"". Not sure what the hell the ""I"" stands for...",-0.25
334,fp31ye9,2020-04-30,5,"There's a threshold to my beard that goes quickly from ""oh nice beard dude"" to ""honey get the kids and let's get out of here"" and i gotta keep it balanced constantly.",0.3111111111111111
335,fp31pds,2020-04-30,2,"Good old co-op nerding out with the gf on Division 2 / Far Cry 5 / Detroit Become Human, for now. Making the best of being stuck at home alone for 2 months now. 

Any suggestions are more than welcome (preferably for co-op)!",0.4857142857142857
336,fp2zid1,2020-04-30,35,"One time, and one time only, someone asked me for a picture together after recognizing me on the streets in London and was cool about it. I asked them to reach out and send that pic on reddit or social and they never did. He probably regretted it and deleted the picture instead. Good for him tbh",0.2708333333333333
337,fp2zb8b,2020-04-30,4,Hey Tamizander a pleasure to â€œseeâ€ the faces of people following!,0.0
338,fp2xcxr,2020-04-30,6,"Took a bit of a break from reddit posting, and moderation too since people are way too divided right now and i also need my mental health check. 

Honestly been gaming a lot. Like, a lot. And working on my next professional projects.",0.17714285714285713
339,fp2x80u,2020-04-30,2,You are not alone my bro! Beard going grey on its own and i have no other grey hairs. Waiting for the moment i go full grey...,0.14374999999999996
340,fp2x1nh,2020-04-30,26,I canâ€™t even wear face masks now without looking like an undergroomed crotch ðŸ˜°,0.0
341,fp2wyjs,2020-04-30,16,Holy shit now i canâ€™t unsee it and youâ€™re right. One of my favorite characters of the show tbh,0.1952380952380952
342,fp2u0yx,2020-04-30,2,Hey there. I like your username.,0.0
343,fp2trp4,2020-04-30,4,Nice to meet you too and why the hell is your username so oddly satisfyingly wholesome. I love it!,0.5750000000000001
344,fp2syev,2020-04-30,1,Hey we have the same name. The Rob part not the Ragin.,0.0
345,fp2sohv,2020-04-30,2,Just about to make some food. What about you?,0.0
346,fp2sgow,2020-04-30,28,Hi lol62056. What does 62056 stand for? Bank account? Sort code? Bikelock code? Date of birth? Is it a secret message?,-0.4
347,fouksth,2020-04-28,3,"Checking your account and karma growth here: https://www.karmalb.com/user/diogenesjunior

I can deduct that your karma rise has been FLATLINING lately.",-0.3
348,foukoja,2020-04-28,10,Still alive somehow,0.1
349,fouim0q,2020-04-28,2,7,0.0
350,fondoc2,2020-04-26,2,FOLLOWED,0.0
351,fonc2c5,2020-04-26,1,"Hey dude I haven't used snapchat in a while always sucked at it. 

edit: just went to check what my handle was but have deleted the app! I'm on Insta/Twitter if it works: https://www.instagram.com/thegallowboob/ - https://twitter.com/TheGallowBoob",0.0
352,fonbvbo,2020-04-26,8,Seriously what I would give to have Carlin alive during this current shit show.,-0.10833333333333334
353,fonau4t,2020-04-26,6,"Not sure I have a favorite actor but I have a favorite stand up comedian and that's [George Carlin](https://www.youtube.com/watch?v=7W33HRc1A6c).

What about you?",0.25
354,fona4k4,2020-04-26,1,"Original post by u/joshkroger on r/DIY linked [**here**](https://www.reddit.com/r/nextfuckinglevel/comments/g8ejhg/water_cooled_computer_made_from_a_bourbon_barrel/fon9p3e/)

Thanks for flagging it u/z3roTO60.",0.2875
355,fohi0no,2020-04-24,15,Damn it i couldnâ€™t resist. Give them to someone who will appreciate it more than me â¬†ï¸,0.5
356,fohhy2j,2020-04-24,43,Iâ€™ll take it and give you my energy â¬†ï¸,0.0
357,fohcps7,2020-04-24,1,Original post on r/dankmemes: https://www.reddit.com/r/dankmemes/comments/g76bz4/good_memes_social_life/,0.375
358,fobv9cf,2020-04-23,31,"Thereâ€™s this site called reddit i tend to kill a lot time on (help i need real hobbies) 

What are yours?",0.2
359,fo8iz4d,2020-04-22,1,Gave **Take My Energy**,0.0
360,fo3na3f,2020-04-21,3,I cannot find it! Can you send it again or reply to it? Sorry not sure why and sometimes my inbox gets flooded.,-0.375
361,fo3n5jz,2020-04-21,5,Not sure i understand the question but this is the amount i have gilded and the amount gilded to me: https://i.imgur.com/KWISP9G.png,-0.25
362,fo3n1gd,2020-04-21,4,Oh man that's awesome! Now the shark is a meme forever! Thanks for sharing :D,0.7333333333333334
363,fo3j84z,2020-04-21,5,I did not see any! Link me lol,0.8
364,fo3eg9j,2020-04-21,16,Thatâ€™s why she is so R O U N D? Aww,0.3
365,fo3b441,2020-04-21,1,Hereâ€™s part 1: https://www.reddit.com/user/GallowBoob/comments/g4t842/i_love_that_group/,0.0
366,fnzqm5t,2020-04-20,1,"You can now gift custom made r/roastme awards on this subreddit to any post or comment you think deserves it. 

**Community awards:** (re-evaluated and reduced the prices keeping in mind the lowest we can make them is 500 it doesn't let us reduce it further) 

- Burning Flame: 500 coins

- Green Flame: ~~1000 coins~~ changed to 500

- Blue Flame: ~~2000 coins~~ changed to 500

- Golden Flame: ~~5000 coins~~ changed to 1000

- [Rainbow Flame](https://i.imgur.com/0fLhIRg.png): (thanks for your feedback) 500 coins

**Mod Choice Award:**

- Mod Roast Award: 1800 community coins

Thanks to u/Tornado9797 and u/PicturElements for the graphics after asking them to help us out.

----

Edit: Of course you're roasting the mods you bastards. If you have **any new suggestions for future awards** do suggest them here or via modmail. These are just the first ones we're introducing for now.",0.0446969696969697
367,fnzn1s4,2020-04-20,8,How is life as a fence?,0.0
368,fnziky7,2020-04-20,8,Need to reduce the bots upvote ratio a little /s,-0.1875
369,fnzdr2b,2020-04-20,17,the only reason i haven't deleted facebook yet,0.0
370,fntpfl7,2020-04-18,8,Thatâ€™s one way to piss off one too many groups of people ðŸ˜‚,0.5
371,fntjk3b,2020-04-18,8,ðŸ˜°,0.0
372,fnti9ww,2020-04-18,11,"r/theydidthemath 

wait what no",0.0
373,fnti3n8,2020-04-18,9,r/cursedphotoshops,0.0
374,fnpm4jv,2020-04-17,1,ðŸ‘€,0.0
375,fnpm23d,2020-04-17,1,OMFG GIVE HIM SCRITCHES,0.0
376,fnpm0oz,2020-04-17,1,FLY,0.8
377,fnplznk,2020-04-17,1,HE FLYING,0.0
378,fnplxwb,2020-04-17,1,GOOD DOG,0.7
379,fnmjywe,2020-04-16,1,"Here's the source on Insta: https://www.instagram.com/p/B3w6UenlGNA/

Thanks for sending it my way.",0.2
380,fnmhayn,2020-04-16,1,"Credit goes to u/ilhan86m

Hereâ€™s their original post you should check out instead: https://www.reddit.com/r/lego/comments/g2230l/lego_tensegrity_structure/fnj8s1w/

Someone posted this on twitter without credits and here we are full circle as it goes. Thanks for sending me the source.",0.30833333333333335
381,fnmeqjo,2020-04-16,4,"Appreciate your comment and energy a lot! I have to say that the reason i log online in the morning or check any social apps is for positive distractions; be it interesting, funny, or wholesome content. I try to steer clear from controversial topics whenever i can because our peace of mind is all weâ€™ve got at the end of the day. With that being said, i do spend a considerable amount of time refreshing reddit and twitter, and i tend to just drop off relevant stories of interest when i see them. Actively trying to limit my redditing (be it moderation or shitposting or whatever) because it steals too much of my time and attention away. I have been between projects for the last few months due to covid and the global lockdowns and that allowed for more time to play on reddit. Also redditors have proven to be a priceless source of moral support (it goes both ways) during this time so i end up being here even more now. I hope youâ€™re staying safe and well, once this is over and things hopefully go back to normal iâ€™m definitely going to be here less often (i think...).",0.2035669191919192
382,fnlm2zo,2020-04-16,5,"> What's black and white and red all over

I had to google it and of course [found this from reddit.](https://www.reddit.com/r/Jokes/comments/cq5eoh/whats_black_white_and_red_all_over/) 

I have a feeling this was not the answer through lol",0.15833333333333335
383,fnllw09,2020-04-16,27,YOU NOW HAVE 70. I ruined it all i'm sorry i can unfollow if you want to keep the 69 :(,-0.625
384,fnlh8ue,2020-04-16,40,"About 7,000,000 last time i checked this morning (lies only 32k but i genuinely love every single one of those madlads and madlasses)",0.10714285714285715
385,fnlb0et,2020-04-16,52,Just some 7000 but have some 30 years of reddit premium and that gives you some 700 coins a month i think.,0.0
386,fnlar3c,2020-04-16,11,Gonna stay inside and try Destiny 2 since it was free. Youâ€™re absolutely right.,0.34285714285714286
387,fnjazjn,2020-04-16,1,LOVE YOU DUDE,0.5
